{"mean_loss": 0.004828428849577904, "mean_reward": 0.5902487635612488, "_runtime": 298, "_timestamp": 1646031493, "_step": 127, "_wandb": {"runtime": 300}}