{"mean_loss": 0.0047040414065122604, "mean_reward": 0.2507031261920929, "_runtime": 260, "_timestamp": 1646030880, "_step": 127, "_wandb": {"runtime": 262}}