{"mean_loss": 0.007500484585762024, "mean_reward": 0.7308198809623718, "_runtime": 452, "_timestamp": 1646232225, "_step": 127, "_wandb": {"runtime": 454}}