{"mean_loss": 0.004648758564144373, "mean_reward": 0.5904417037963867, "_runtime": 602, "_timestamp": 1646027982, "_step": 175, "_wandb": {"runtime": 605}}