{"mean_loss": 1.269901156425476, "mean_reward": 71.31919860839844, "_runtime": 296, "_timestamp": 1646031453, "_step": 127, "_wandb": {"runtime": 297}}