{"mean_loss": 0.007121210917830467, "mean_reward": 1.2126284837722778, "_runtime": 565, "_timestamp": 1646027888, "_step": 170, "_wandb": {"runtime": 567}}