{"mean_loss": 0.02925148420035839, "mean_reward": 5.0861358642578125, "_runtime": 1420, "_timestamp": 1645797473, "_step": 1023, "_wandb": {"runtime": 1422}}