{"mean_loss": 0.04429248347878456, "mean_reward": 2.230398416519165, "_runtime": 258, "_timestamp": 1646031078, "_step": 127, "_wandb": {"runtime": 260}}