{"mean_loss": 0.005205429624766111, "mean_reward": 0.6915212273597717, "_runtime": 589, "_timestamp": 1646027090, "_step": 172, "_wandb": {"runtime": 593}}