{"mean_loss": 0.005441871006041765, "mean_reward": 0.875839352607727, "_runtime": 453, "_timestamp": 1646028564, "_step": 127, "_wandb": {"runtime": 454}}