{"mean_loss": 0.0051881358958780766, "mean_reward": 0.6722361445426941, "_runtime": 568, "_timestamp": 1645798752, "_step": 183, "_wandb": {"runtime": 570}}