{"mean_loss": 0.01444935705512762, "mean_reward": 2.704880952835083, "_runtime": 1412, "_timestamp": 1645797457, "_step": 1023, "_wandb": {"runtime": 1414}}