{"mean_loss": 0.0018607568927109241, "mean_reward": 0.10418307036161423, "_runtime": 9, "_timestamp": 1645796054, "_step": 4}