{"episode_duration": 128, "mean_loss": 0.005983427166938782, "sum_loss": 1.2026689052581787, "mean_reward": 0.6248114705085754, "sum_reward": 8037.57470703125, "_runtime": 420, "_timestamp": 1646270028, "_step": 127, "_wandb": {"runtime": 421}}