{"mean_loss": 0.004306980408728123, "mean_reward": 0.2364598959684372, "_runtime": 307, "_timestamp": 1645800918, "_step": 179, "_wandb": {"runtime": 309}}