{"mean_loss": 0.006234846543520689, "mean_reward": 1.0325466394424438, "_runtime": 421, "_timestamp": 1646028524, "_step": 127, "_wandb": {"runtime": 422}}