{"mean_loss": 0.003307522041723132, "mean_reward": 0.22897887229919434, "_runtime": 589, "_timestamp": 1646026991, "_step": 172, "_wandb": {"runtime": 593}}