{"mean_loss": 0.005013837944716215, "mean_reward": 0.21311338245868683, "_runtime": 305, "_timestamp": 1645800916, "_step": 174, "_wandb": {"runtime": 308}}