{"mean_loss": 0.008316894993185997, "mean_reward": 1.5805336236953735, "_runtime": 566, "_timestamp": 1645798682, "_step": 170, "_wandb": {"runtime": 569}}